ID,power,speed,thickness,dia,Solidt,Sdensity,Sspheat,Sthercondu,Liquidt,Ldensity,LSpheat,Lthercondu,Lsurfacet,Lviscosity,Lfusion,dsigma,Absorptivity,Lvapor,defect,defects
F2,150,600,30,100,1778,7.23,742.6,27.22,1783,7,808.6,36.7,1.75,0.00644,12680,-0.00046,0.36,148238.62,0,Gd
D92,200,100,20,87,1877,3.9,814.6,28.7,1923,4.2,972.4,33.75,1.625,0.0325,17800,-0.0003,0.3,159878.22,3,Kh
G7,80,500,40,100,1555,7.27,699.2,28.7,1586,6.9,740.8,20.17,1.53,0.0076,142500,-0.000147,0.3,131860.04,3,Kh
F16,150,1400,30,100,1778,7.23,742.6,27.22,1783,7,808.6,36.7,1.75,0.00644,12680,-0.00046,0.36,148238.62,1,Bl
C35,180,50,50,75,840,2.57,1336.8,165.66,866,2.44,1141.82,60.12,0.85,0.00106,135000,0.0000671,0.35,71999.24,3,Keyhole
C46,195,3000,50,75,840,2.57,1336.8,165.66,866,2.44,1141.82,60.12,0.85,0.00106,135000,0.0000671,0.35,71999.24,1,Balling
C36,180,300,50,75,840,2.57,1336.8,165.66,866,2.44,1141.82,60.12,0.85,0.00106,135000,0.0000671,0.35,71999.24,0,Good
H16,65,400,37,80,1698,7.3,696.9,30.18,1764,7.01,802.6,36.8,1.62,0.00622,159800,-0.000394,0.4,146658.96,2,Lf
D49,160,200,30,52,1877,3.9,814.6,28.7,1923,4.2,972.4,33.75,1.625,0.0325,17800,-0.0003,0.3,159878.22,3,Kh
G2,50,200,40,100,1555,7.27,699.2,28.7,1586,6.9,740.8,20.17,1.53,0.0076,142500,-0.000147,0.3,131860.04,2,Lf
C27,130,1900,50,75,840,2.57,1336.8,165.66,866,2.44,1141.82,60.12,0.85,0.00106,135000,0.0000671,0.35,71999.24,1,Balling
D39,120,1000,30,52,1877,3.9,814.6,28.7,1923,4.2,972.4,33.75,1.625,0.0325,17800,-0.0003,0.3,159878.22,1,Bl
A53,150,200,50,70,1679,7.32,995.8,26.2,1707,7.03,775.1,33.3,1.73,0.00732,110630,-0.00017,0.4,141919.98,3,Kh
D25,80,1000,30,52,1877,3.9,814.6,28.7,1923,4.2,972.4,33.75,1.625,0.0325,17800,-0.0003,0.3,159878.22,1,Bl
C17,100,50,50,75,840,2.57,1336.8,165.66,866,2.44,1141.82,60.12,0.85,0.00106,135000,0.0000671,0.35,71999.24,0,Good
A74,300,900,75,55,1679,7.32,995.8,26.2,1707,7.03,775.1,33.3,1.73,0.00732,110630,-0.00017,0.4,141919.98,3,Kh
D45,140,800,30,52,1877,3.9,814.6,28.7,1923,4.2,972.4,33.75,1.625,0.0325,17800,-0.0003,0.3,159878.22,1,Bl
G6,80,400,40,100,1555,7.27,699.2,28.7,1586,6.9,740.8,20.17,1.53,0.0076,142500,-0.000147,0.3,131860.04,3,Kh
C50,300,600,30,50,840,2.57,1336.8,165.66,866,2.44,1141.82,60.12,0.85,0.00106,135000,0.0000671,0.35,71999.24,3,Keyhole
D10,40,600,30,52,1877,3.9,814.6,28.7,1923,4.2,972.4,33.75,1.625,0.0325,17800,-0.0003,0.3,159878.22,2,Lf
D72,80,200,50,92,1877,3.9,814.6,28.7,1923,4.2,972.4,33.75,1.625,0.0325,17800,-0.0003,0.3,159878.22,0,Gd
A36,150,600,50,70,1679,7.32,995.8,26.2,1707,7.03,775.1,33.3,1.73,0.00732,110630,-0.00017,0.4,141919.98,2,Lf
H23,87.5,600,37,80,1698,7.3,696.9,30.18,1764,7.01,802.6,36.8,1.62,0.00622,159800,-0.000394,0.4,146658.96,2,Lf
A20,75,600,50,70,1679,7.32,995.8,26.2,1707,7.03,775.1,33.3,1.73,0.00732,110630,-0.00017,0.4,141919.98,2,Lf
D88,200,600,20,87,1877,3.9,814.6,28.7,1923,4.2,972.4,33.75,1.625,0.0325,17800,-0.0003,0.3,159878.22,0,Gd
E12,75,2400,50,72,1522,7.93,631.06,24.12,1611,7.6,674.6,26.4,1.72,0.00809,16500,-0.00037,0.38,133938.54,0,Gd
D44,140,600,30,52,1877,3.9,814.6,28.7,1923,4.2,972.4,33.75,1.625,0.0325,17800,-0.0003,0.3,159878.22,1,Bl
E15,85,400,50,72,1522,7.93,631.06,24.12,1611,7.6,674.6,26.4,1.72,0.00809,16500,-0.00037,0.38,133938.54,3,Kh
D83,180,1500,50,92,1877,3.9,814.6,28.7,1923,4.2,972.4,33.75,1.625,0.0325,17800,-0.0003,0.3,159878.22,0,Gd
D93,200,200,20,87,1877,3.9,814.6,28.7,1923,4.2,972.4,33.75,1.625,0.0325,17800,-0.0003,0.3,159878.22,3,Kh
A68,200,300,75,55,1679,7.32,995.8,26.2,1707,7.03,775.1,33.3,1.73,0.00732,110630,-0.00017,0.4,141919.98,3,Kh
D7,20,1400,30,52,1877,3.9,814.6,28.7,1923,4.2,972.4,33.75,1.625,0.0325,17800,-0.0003,0.3,159878.22,2,Lf
G1,50,100,40,100,1555,7.27,699.2,28.7,1586,6.9,740.8,20.17,1.53,0.0076,142500,-0.000147,0.3,131860.04,2,Lf
D54,160,1200,30,52,1877,3.9,814.6,28.7,1923,4.2,972.4,33.75,1.625,0.0325,17800,-0.0003,0.3,159878.22,1,Bl
A50,125,100,50,70,1679,7.32,995.8,26.2,1707,7.03,775.1,33.3,1.73,0.00732,110630,-0.00017,0.4,141919.98,3,Kh
D53,160,1000,30,52,1877,3.9,814.6,28.7,1923,4.2,972.4,33.75,1.625,0.0325,17800,-0.0003,0.3,159878.22,1,Bl
H45,175,300,37,80,1698,7.3,696.9,30.18,1764,7.01,802.6,36.8,1.62,0.00622,159800,-0.000394,0.4,146658.96,3,Kh
F1,100,600,30,100,1778,7.23,742.6,27.22,1783,7,808.6,36.7,1.75,0.00644,12680,-0.00046,0.36,148238.62,0,Gd
A16,75,100,50,70,1679,7.32,995.8,26.2,1707,7.03,775.1,33.3,1.73,0.00732,110630,-0.00017,0.4,141919.98,2,Lf
F18,250,1400,30,100,1778,7.23,742.6,27.22,1783,7,808.6,36.7,1.75,0.00644,12680,-0.00046,0.36,148238.62,1,Bl
H36,250,2400,37,80,1698,7.3,696.9,30.18,1764,7.01,802.6,36.8,1.62,0.00622,159800,-0.000394,0.4,146658.96,1,Bl
C53,350,1400,30,50,840,2.57,1336.8,165.66,866,2.44,1141.82,60.12,0.85,0.00106,135000,0.0000671,0.35,71999.24,2,Lack of Fusion
C58,140,1100,30,50,840,2.57,1336.8,165.66,866,2.44,1141.82,60.12,0.85,0.00106,135000,0.0000671,0.35,71999.24,2,Lack of Fusion
D17,60,800,30,52,1877,3.9,814.6,28.7,1923,4.2,972.4,33.75,1.625,0.0325,17800,-0.0003,0.3,159878.22,2,Lf
A14,175,1000,50,70,1679,7.32,995.8,26.2,1707,7.03,775.1,33.3,1.73,0.00732,110630,-0.00017,0.4,141919.98,0,Gd
D36,120,400,30,52,1877,3.9,814.6,28.7,1923,4.2,972.4,33.75,1.625,0.0325,17800,-0.0003,0.3,159878.22,0,Gd
G13,130,1000,40,100,1555,7.27,699.2,28.7,1586,6.9,740.8,20.17,1.53,0.0076,142500,-0.000147,0.3,131860.04,0,Gd
D19,60,1200,30,52,1877,3.9,814.6,28.7,1923,4.2,972.4,33.75,1.625,0.0325,17800,-0.0003,0.3,159878.22,2,Lf
A57,200,100,50,70,1679,7.32,995.8,26.2,1707,7.03,775.1,33.3,1.73,0.00732,110630,-0.00017,0.4,141919.98,3,Kh
F3,200,600,30,100,1778,7.23,742.6,27.22,1783,7,808.6,36.7,1.75,0.00644,12680,-0.00046,0.36,148238.62,0,Gd
D12,40,1000,30,52,1877,3.9,814.6,28.7,1923,4.2,972.4,33.75,1.625,0.0325,17800,-0.0003,0.3,159878.22,2,Lf
G22,220,1600,40,100,1555,7.27,699.2,28.7,1586,6.9,740.8,20.17,1.53,0.0076,142500,-0.000147,0.3,131860.04,1,Bl
C16,60,3000,50,75,840,2.57,1336.8,165.66,866,2.44,1141.82,60.12,0.85,0.00106,135000,0.0000671,0.35,71999.24,2,Lack of Fusion
A44,200,800,50,70,1679,7.32,995.8,26.2,1707,7.03,775.1,33.3,1.73,0.00732,110630,-0.00017,0.4,141919.98,2,Lf
A66,100,150,75,55,1679,7.32,995.8,26.2,1707,7.03,775.1,33.3,1.73,0.00732,110630,-0.00017,0.4,141919.98,3,Kh
F6,100,800,30,100,1778,7.23,742.6,27.22,1783,7,808.6,36.7,1.75,0.00644,12680,-0.00046,0.36,148238.62,2,Lf
D59,180,800,30,52,1877,3.9,814.6,28.7,1923,4.2,972.4,33.75,1.625,0.0325,17800,-0.0003,0.3,159878.22,1,Bl
E5,40,2400,50,72,1522,7.93,631.06,24.12,1611,7.6,674.6,26.4,1.72,0.00809,16500,-0.00037,0.38,133938.54,1,Bl
E7,65,900,50,72,1522,7.93,631.06,24.12,1611,7.6,674.6,26.4,1.72,0.00809,16500,-0.00037,0.38,133938.54,0,Gd
H11,52,100,37,80,1698,7.3,696.9,30.18,1764,7.01,802.6,36.8,1.62,0.00622,159800,-0.000394,0.4,146658.96,2,Lf
D102,280,1600,30,100,1877,3.9,814.6,28.7,1923,4.2,972.4,33.75,1.625,0.0325,17800,-0.0003,0.3,159878.22,1,Bl
D48,140,1400,30,52,1877,3.9,814.6,28.7,1923,4.2,972.4,33.75,1.625,0.0325,17800,-0.0003,0.3,159878.22,1,Bl
C42,195,300,50,75,840,2.57,1336.8,165.66,866,2.44,1141.82,60.12,0.85,0.00106,135000,0.0000671,0.35,71999.24,0,Good
A56,175,100,50,70,1679,7.32,995.8,26.2,1707,7.03,775.1,33.3,1.73,0.00732,110630,-0.00017,0.4,141919.98,3,Kh
C38,180,1200,50,75,840,2.57,1336.8,165.66,866,2.44,1141.82,60.12,0.85,0.00106,135000,0.0000671,0.35,71999.24,0,Good
E4,40,1900,50,72,1522,7.93,631.06,24.12,1611,7.6,674.6,26.4,1.72,0.00809,16500,-0.00037,0.38,133938.54,1,Bl
D8,40,200,30,52,1877,3.9,814.6,28.7,1923,4.2,972.4,33.75,1.625,0.0325,17800,-0.0003,0.3,159878.22,2,Lf
D11,40,800,30,52,1877,3.9,814.6,28.7,1923,4.2,972.4,33.75,1.625,0.0325,17800,-0.0003,0.3,159878.22,2,Lf
A27,100,700,50,70,1679,7.32,995.8,26.2,1707,7.03,775.1,33.3,1.73,0.00732,110630,-0.00017,0.4,141919.98,2,Lf
D1,20,200,30,52,1877,3.9,814.6,28.7,1923,4.2,972.4,33.75,1.625,0.0325,17800,-0.0003,0.3,159878.22,2,Lf
G11,130,800,40,100,1555,7.27,699.2,28.7,1586,6.9,740.8,20.17,1.53,0.0076,142500,-0.000147,0.3,131860.04,3,Kh
A18,75,400,50,70,1679,7.32,995.8,26.2,1707,7.03,775.1,33.3,1.73,0.00732,110630,-0.00017,0.4,141919.98,2,Lf
D75,180,100,50,92,1877,3.9,814.6,28.7,1923,4.2,972.4,33.75,1.625,0.0325,17800,-0.0003,0.3,159878.22,0,Gd
C40,180,3000,50,75,840,2.57,1336.8,165.66,866,2.44,1141.82,60.12,0.85,0.00106,135000,0.0000671,0.35,71999.24,1,Balling
C22,100,3000,50,75,840,2.57,1336.8,165.66,866,2.44,1141.82,60.12,0.85,0.00106,135000,0.0000671,0.35,71999.24,2,Lack of Fusion
C18,100,300,50,75,840,2.57,1336.8,165.66,866,2.44,1141.82,60.12,0.85,0.00106,135000,0.0000671,0.35,71999.24,0,Good
D13,40,1200,30,52,1877,3.9,814.6,28.7,1923,4.2,972.4,33.75,1.625,0.0325,17800,-0.0003,0.3,159878.22,2,Lf
D82,180,1000,50,92,1877,3.9,814.6,28.7,1923,4.2,972.4,33.75,1.625,0.0325,17800,-0.0003,0.3,159878.22,0,Gd
D29,100,400,30,52,1877,3.9,814.6,28.7,1923,4.2,972.4,33.75,1.625,0.0325,17800,-0.0003,0.3,159878.22,2,Lf
H14,65,150,37,80,1698,7.3,696.9,30.18,1764,7.01,802.6,36.8,1.62,0.00622,159800,-0.000394,0.4,146658.96,2,Lf
A71,300,400,75,55,1679,7.32,995.8,26.2,1707,7.03,775.1,33.3,1.73,0.00732,110630,-0.00017,0.4,141919.98,3,Kh
C49,140,600,30,50,840,2.57,1336.8,165.66,866,2.44,1141.82,60.12,0.85,0.00106,135000,0.0000671,0.35,71999.24,3,Keyhole
G21,220,1500,40,100,1555,7.27,699.2,28.7,1586,6.9,740.8,20.17,1.53,0.0076,142500,-0.000147,0.3,131860.04,1,Bl
D67,200,1000,30,52,1877,3.9,814.6,28.7,1923,4.2,972.4,33.75,1.625,0.0325,17800,-0.0003,0.3,159878.22,1,Bl
F10,200,1000,30,100,1778,7.23,742.6,27.22,1783,7,808.6,36.7,1.75,0.00644,12680,-0.00046,0.36,148238.62,1,Bl
D87,200,500,20,87,1877,3.9,814.6,28.7,1923,4.2,972.4,33.75,1.625,0.0325,17800,-0.0003,0.3,159878.22,0,Gd
A28,100,800,50,70,1679,7.32,995.8,26.2,1707,7.03,775.1,33.3,1.73,0.00732,110630,-0.00017,0.4,141919.98,2,Lf
A35,150,400,50,70,1679,7.32,995.8,26.2,1707,7.03,775.1,33.3,1.73,0.00732,110630,-0.00017,0.4,141919.98,2,Lf
G20,170,1500,40,100,1555,7.27,699.2,28.7,1586,6.9,740.8,20.17,1.53,0.0076,142500,-0.000147,0.3,131860.04,1,Bl
D80,180,600,50,92,1877,3.9,814.6,28.7,1923,4.2,972.4,33.75,1.625,0.0325,17800,-0.0003,0.3,159878.22,0,Gd
F17,200,1400,30,100,1778,7.23,742.6,27.22,1783,7,808.6,36.7,1.75,0.00644,12680,-0.00046,0.36,148238.62,1,Bl
H10,50,250,37,80,1698,7.3,696.9,30.18,1764,7.01,802.6,36.8,1.62,0.00622,159800,-0.000394,0.4,146658.96,2,Lf
H43,140,200,37,80,1698,7.3,696.9,30.18,1764,7.01,802.6,36.8,1.62,0.00622,159800,-0.000394,0.4,146658.96,3,Kh
D74,160,200,50,92,1877,3.9,814.6,28.7,1923,4.2,972.4,33.75,1.625,0.0325,17800,-0.0003,0.3,159878.22,0,Gd
H28,145,1800,37,80,1698,7.3,696.9,30.18,1764,7.01,802.6,36.8,1.62,0.00622,159800,-0.000394,0.4,146658.96,1,Bl
E11,75,1900,50,72,1522,7.93,631.06,24.12,1611,7.6,674.6,26.4,1.72,0.00809,16500,-0.00037,0.38,133938.54,0,Gd
D78,180,400,50,92,1877,3.9,814.6,28.7,1923,4.2,972.4,33.75,1.625,0.0325,17800,-0.0003,0.3,159878.22,0,Gd
A30,125,600,50,70,1679,7.32,995.8,26.2,1707,7.03,775.1,33.3,1.73,0.00732,110630,-0.00017,0.4,141919.98,2,Lf
H12,52,2150,37,80,1698,7.3,696.9,30.18,1764,7.01,802.6,36.8,1.62,0.00622,159800,-0.000394,0.4,146658.96,2,Lf
D14,40,1400,30,52,1877,3.9,814.6,28.7,1923,4.2,972.4,33.75,1.625,0.0325,17800,-0.0003,0.3,159878.22,2,Lf
D43,140,400,30,52,1877,3.9,814.6,28.7,1923,4.2,972.4,33.75,1.625,0.0325,17800,-0.0003,0.3,159878.22,0,Gd
A29,100,900,50,70,1679,7.32,995.8,26.2,1707,7.03,775.1,33.3,1.73,0.00732,110630,-0.00017,0.4,141919.98,2,Lf
D51,160,600,30,52,1877,3.9,814.6,28.7,1923,4.2,972.4,33.75,1.625,0.0325,17800,-0.0003,0.3,159878.22,1,Bl
H22,80.5,1050,37,80,1698,7.3,696.9,30.18,1764,7.01,802.6,36.8,1.62,0.00622,159800,-0.000394,0.4,146658.96,2,Lf
A42,200,500,50,70,1679,7.32,995.8,26.2,1707,7.03,775.1,33.3,1.73,0.00732,110630,-0.00017,0.4,141919.98,2,Lf
H1,65,50,37,80,1698,7.3,696.9,30.18,1764,7.01,802.6,36.8,1.62,0.00622,159800,-0.000394,0.4,146658.96,0,Gd
H33,240,1300,37,80,1698,7.3,696.9,30.18,1764,7.01,802.6,36.8,1.62,0.00622,159800,-0.000394,0.4,146658.96,1,Bl
D100,280,800,30,100,1877,3.9,814.6,28.7,1923,4.2,972.4,33.75,1.625,0.0325,17800,-0.0003,0.3,159878.22,3,Kh
H6,215,1000,37,80,1698,7.3,696.9,30.18,1764,7.01,802.6,36.8,1.62,0.00622,159800,-0.000394,0.4,146658.96,0,Gd
D61,180,1200,30,52,1877,3.9,814.6,28.7,1923,4.2,972.4,33.75,1.625,0.0325,17800,-0.0003,0.3,159878.22,1,Bl
H38,80,40,37,80,1698,7.3,696.9,30.18,1764,7.01,802.6,36.8,1.62,0.00622,159800,-0.000394,0.4,146658.96,3,Kh
A70,300,300,75,55,1679,7.32,995.8,26.2,1707,7.03,775.1,33.3,1.73,0.00732,110630,-0.00017,0.4,141919.98,3,Kh
D46,140,1000,30,52,1877,3.9,814.6,28.7,1923,4.2,972.4,33.75,1.625,0.0325,17800,-0.0003,0.3,159878.22,1,Bl
F5,300,600,30,100,1778,7.23,742.6,27.22,1783,7,808.6,36.7,1.75,0.00644,12680,-0.00046,0.36,148238.62,2,Lf
A26,100,600,50,70,1679,7.32,995.8,26.2,1707,7.03,775.1,33.3,1.73,0.00732,110630,-0.00017,0.4,141919.98,2,Lf
A17,75,300,50,70,1679,7.32,995.8,26.2,1707,7.03,775.1,33.3,1.73,0.00732,110630,-0.00017,0.4,141919.98,2,Lf
G26,220,2000,40,100,1555,7.27,699.2,28.7,1586,6.9,740.8,20.17,1.53,0.0076,142500,-0.000147,0.3,131860.04,1,Bl
G4,50,400,40,100,1555,7.27,699.2,28.7,1586,6.9,740.8,20.17,1.53,0.0076,142500,-0.000147,0.3,131860.04,2,Lf
D28,100,200,30,52,1877,3.9,814.6,28.7,1923,4.2,972.4,33.75,1.625,0.0325,17800,-0.0003,0.3,159878.22,0,Gd
A41,175,600,50,70,1679,7.32,995.8,26.2,1707,7.03,775.1,33.3,1.73,0.00732,110630,-0.00017,0.4,141919.98,2,Lf
A33,125,900,50,70,1679,7.32,995.8,26.2,1707,7.03,775.1,33.3,1.73,0.00732,110630,-0.00017,0.4,141919.98,2,Lf
H48,230,250,37,80,1698,7.3,696.9,30.18,1764,7.01,802.6,36.8,1.62,0.00622,159800,-0.000394,0.4,146658.96,3,Kh
C19,100,800,50,75,840,2.57,1336.8,165.66,866,2.44,1141.82,60.12,0.85,0.00106,135000,0.0000671,0.35,71999.24,0,Good
A67,200,200,75,55,1679,7.32,995.8,26.2,1707,7.03,775.1,33.3,1.73,0.00732,110630,-0.00017,0.4,141919.98,3,Kh
H27,145,1400,37,80,1698,7.3,696.9,30.18,1764,7.01,802.6,36.8,1.62,0.00622,159800,-0.000394,0.4,146658.96,2,Lf
A21,75,700,50,70,1679,7.32,995.8,26.2,1707,7.03,775.1,33.3,1.73,0.00732,110630,-0.00017,0.4,141919.98,2,Lf
G14,130,1100,40,100,1555,7.27,699.2,28.7,1586,6.9,740.8,20.17,1.53,0.0076,142500,-0.000147,0.3,131860.04,0,Gd
G24,220,1800,40,100,1555,7.27,699.2,28.7,1586,6.9,740.8,20.17,1.53,0.0076,142500,-0.000147,0.3,131860.04,1,Bl
D16,60,400,30,52,1877,3.9,814.6,28.7,1923,4.2,972.4,33.75,1.625,0.0325,17800,-0.0003,0.3,159878.22,2,Lf
E8,65,1400,50,72,1522,7.93,631.06,24.12,1611,7.6,674.6,26.4,1.72,0.00809,16500,-0.00037,0.38,133938.54,0,Gd
C56,200,800,30,50,840,2.57,1336.8,165.66,866,2.44,1141.82,60.12,0.85,0.00106,135000,0.0000671,0.35,71999.24,2,Lack of Fusion
C21,100,1900,50,75,840,2.57,1336.8,165.66,866,2.44,1141.82,60.12,0.85,0.00106,135000,0.0000671,0.35,71999.24,1,Balling
H39,100,40,37,80,1698,7.3,696.9,30.18,1764,7.01,802.6,36.8,1.62,0.00622,159800,-0.000394,0.4,146658.96,3,Kh
G5,50,500,40,100,1555,7.27,699.2,28.7,1586,6.9,740.8,20.17,1.53,0.0076,142500,-0.000147,0.3,131860.04,2,Lf
E13,75,400,50,72,1522,7.93,631.06,24.12,1611,7.6,674.6,26.4,1.72,0.00809,16500,-0.00037,0.38,133938.54,3,Kh
D27,80,1400,30,52,1877,3.9,814.6,28.7,1923,4.2,972.4,33.75,1.625,0.0325,17800,-0.0003,0.3,159878.22,1,Bl
D4,20,800,30,52,1877,3.9,814.6,28.7,1923,4.2,972.4,33.75,1.625,0.0325,17800,-0.0003,0.3,159878.22,2,Lf
G3,50,300,40,100,1555,7.27,699.2,28.7,1586,6.9,740.8,20.17,1.53,0.0076,142500,-0.000147,0.3,131860.04,2,Lf
D31,100,800,30,52,1877,3.9,814.6,28.7,1923,4.2,972.4,33.75,1.625,0.0325,17800,-0.0003,0.3,159878.22,1,Bl
H18,73.5,2400,37,80,1698,7.3,696.9,30.18,1764,7.01,802.6,36.8,1.62,0.00622,159800,-0.000394,0.4,146658.96,2,Lf
D32,100,1000,30,52,1877,3.9,814.6,28.7,1923,4.2,972.4,33.75,1.625,0.0325,17800,-0.0003,0.3,159878.22,1,Bl
E14,75,900,50,72,1522,7.93,631.06,24.12,1611,7.6,674.6,26.4,1.72,0.00809,16500,-0.00037,0.38,133938.54,3,Kh
D3,20,600,30,52,1877,3.9,814.6,28.7,1923,4.2,972.4,33.75,1.625,0.0325,17800,-0.0003,0.3,159878.22,2,Lf
A34,125,1000,50,70,1679,7.32,995.8,26.2,1707,7.03,775.1,33.3,1.73,0.00732,110630,-0.00017,0.4,141919.98,2,Lf
A48,175,800,50,70,1679,7.32,995.8,26.2,1707,7.03,775.1,33.3,1.73,0.00732,110630,-0.00017,0.4,141919.98,2,Lf
D79,180,500,50,92,1877,3.9,814.6,28.7,1923,4.2,972.4,33.75,1.625,0.0325,17800,-0.0003,0.3,159878.22,0,Gd
D57,180,400,30,52,1877,3.9,814.6,28.7,1923,4.2,972.4,33.75,1.625,0.0325,17800,-0.0003,0.3,159878.22,3,Kh
D2,20,400,30,52,1877,3.9,814.6,28.7,1923,4.2,972.4,33.75,1.625,0.0325,17800,-0.0003,0.3,159878.22,2,Lf
H30,175,1800,37,80,1698,7.3,696.9,30.18,1764,7.01,802.6,36.8,1.62,0.00622,159800,-0.000394,0.4,146658.96,1,Bl
D90,200,800,20,87,1877,3.9,814.6,28.7,1923,4.2,972.4,33.75,1.625,0.0325,17800,-0.0003,0.3,159878.22,0,Gd
D60,180,100,30,52,1877,3.9,814.6,28.7,1923,4.2,972.4,33.75,1.625,0.0325,17800,-0.0003,0.3,159878.22,1,Bl
D81,180,800,50,92,1877,3.9,814.6,28.7,1923,4.2,972.4,33.75,1.625,0.0325,17800,-0.0003,0.3,159878.22,0,Gd
G16,170,1000,40,100,1555,7.27,699.2,28.7,1586,6.9,740.8,20.17,1.53,0.0076,142500,-0.000147,0.3,131860.04,3,Kh
D21,80,200,30,52,1877,3.9,814.6,28.7,1923,4.2,972.4,33.75,1.625,0.0325,17800,-0.0003,0.3,159878.22,0,Gd
H46,200,500,37,80,1698,7.3,696.9,30.18,1764,7.01,802.6,36.8,1.62,0.00622,159800,-0.000394,0.4,146658.96,3,Kh
D98,115,800,30,100,1877,3.9,814.6,28.7,1923,4.2,972.4,33.75,1.625,0.0325,17800,-0.0003,0.3,159878.22,3,Kh
H47,210,700,37,80,1698,7.3,696.9,30.18,1764,7.01,802.6,36.8,1.62,0.00622,159800,-0.000394,0.4,146658.96,3,Kh
F19,300,1400,30,100,1778,7.23,742.6,27.22,1783,7,808.6,36.7,1.75,0.00644,12680,-0.00046,0.36,148238.62,1,Bl
H17,55,1150,37,80,1698,7.3,696.9,30.18,1764,7.01,802.6,36.8,1.62,0.00622,159800,-0.000394,0.4,146658.96,2,Lf
C37,180,800,50,75,840,2.57,1336.8,165.66,866,2.44,1141.82,60.12,0.85,0.00106,135000,0.0000671,0.35,71999.24,0,Good
H31,210,1300,37,80,1698,7.3,696.9,30.18,1764,7.01,802.6,36.8,1.62,0.00622,159800,-0.000394,0.4,146658.96,1,Bl
D103,280,2200,30,100,1877,3.9,814.6,28.7,1923,4.2,972.4,33.75,1.625,0.0325,17800,-0.0003,0.3,159878.22,1,Bl
G15,130,1200,40,100,1555,7.27,699.2,28.7,1586,6.9,740.8,20.17,1.53,0.0076,142500,-0.000147,0.3,131860.04,0,Gd
D64,200,400,30,52,1877,3.9,814.6,28.7,1923,4.2,972.4,33.75,1.625,0.0325,17800,-0.0003,0.3,159878.22,3,Kh
A49,125,200,50,70,1679,7.32,995.8,26.2,1707,7.03,775.1,33.3,1.73,0.00732,110630,-0.00017,0.4,141919.98,3,Kh
H9,50,150,37,80,1698,7.3,696.9,30.18,1764,7.01,802.6,36.8,1.62,0.00622,159800,-0.000394,0.4,146658.96,2,Lf
C20,100,1200,50,75,840,2.57,1336.8,165.66,866,2.44,1141.82,60.12,0.85,0.00106,135000,0.0000671,0.35,71999.24,1,Balling
E9,65,2400,50,72,1522,7.93,631.06,24.12,1611,7.6,674.6,26.4,1.72,0.00809,16500,-0.00037,0.38,133938.54,0,Gd
D47,140,1200,30,52,1877,3.9,814.6,28.7,1923,4.2,972.4,33.75,1.625,0.0325,17800,-0.0003,0.3,159878.22,1,Bl
H5,185,850,37,80,1698,7.3,696.9,30.18,1764,7.01,802.6,36.8,1.62,0.00622,159800,-0.000394,0.4,146658.96,0,Gd
C41,195,50,50,75,840,2.57,1336.8,165.66,866,2.44,1141.82,60.12,0.85,0.00106,135000,0.0000671,0.35,71999.24,3,Keyhole
D52,160,800,30,52,1877,3.9,814.6,28.7,1923,4.2,972.4,33.75,1.625,0.0325,17800,-0.0003,0.3,159878.22,1,Bl
C34,160,3000,50,75,840,2.57,1336.8,165.66,866,2.44,1141.82,60.12,0.85,0.00106,135000,0.0000671,0.35,71999.24,1,Balling
C48,240,800,30,50,840,2.57,1336.8,165.66,866,2.44,1141.82,60.12,0.85,0.00106,135000,0.0000671,0.35,71999.24,1,Balling
C26,130,1200,50,75,840,2.57,1336.8,165.66,866,2.44,1141.82,60.12,0.85,0.00106,135000,0.0000671,0.35,71999.24,0,Good
C28,130,3000,50,75,840,2.57,1336.8,165.66,866,2.44,1141.82,60.12,0.85,0.00106,135000,0.0000671,0.35,71999.24,2,Lack of Fusion
D99,215,580,30,100,1877,3.9,814.6,28.7,1923,4.2,972.4,33.75,1.625,0.0325,17800,-0.0003,0.3,159878.22,3,Kh
F7,200,800,30,100,1778,7.23,742.6,27.22,1783,7,808.6,36.7,1.75,0.00644,12680,-0.00046,0.36,148238.62,0,Gd
G19,170,1300,40,100,1555,7.27,699.2,28.7,1586,6.9,740.8,20.17,1.53,0.0076,142500,-0.000147,0.3,131860.04,1,Bl
D89,200,700,20,87,1877,3.9,814.6,28.7,1923,4.2,972.4,33.75,1.625,0.0325,17800,-0.0003,0.3,159878.22,0,Gd
G10,80,800,40,100,1555,7.27,699.2,28.7,1586,6.9,740.8,20.17,1.53,0.0076,142500,-0.000147,0.3,131860.04,0,Gd
A13,125,300,50,70,1679,7.32,995.8,26.2,1707,7.03,775.1,33.3,1.73,0.00732,110630,-0.00017,0.4,141919.98,0,Gd
D50,160,400,30,52,1877,3.9,814.6,28.7,1923,4.2,972.4,33.75,1.625,0.0325,17800,-0.0003,0.3,159878.22,0,Gd
E17,85,1400,50,72,1522,7.93,631.06,24.12,1611,7.6,674.6,26.4,1.72,0.00809,16500,-0.00037,0.38,133938.54,3,Kh
G9,80,700,40,100,1555,7.27,699.2,28.7,1586,6.9,740.8,20.17,1.53,0.0076,142500,-0.000147,0.3,131860.04,0,Gd
D55,160,1400,30,52,1877,3.9,814.6,28.7,1923,4.2,972.4,33.75,1.625,0.0325,17800,-0.0003,0.3,159878.22,1,Bl
H21,77.5,1400,37,80,1698,7.3,696.9,30.18,1764,7.01,802.6,36.8,1.62,0.00622,159800,-0.000394,0.4,146658.96,2,Lf
C14,60,1200,50,75,840,2.57,1336.8,165.66,866,2.44,1141.82,60.12,0.85,0.00106,135000,0.0000671,0.35,71999.24,2,Lack of Fusion
D62,180,1400,30,52,1877,3.9,814.6,28.7,1923,4.2,972.4,33.75,1.625,0.0325,17800,-0.0003,0.3,159878.22,1,Bl
D9,40,400,30,52,1877,3.9,814.6,28.7,1923,4.2,972.4,33.75,1.625,0.0325,17800,-0.0003,0.3,159878.22,2,Lf
H34,240,1800,37,80,1698,7.3,696.9,30.18,1764,7.01,802.6,36.8,1.62,0.00622,159800,-0.000394,0.4,146658.96,1,Bl
A40,175,400,50,70,1679,7.32,995.8,26.2,1707,7.03,775.1,33.3,1.73,0.00732,110630,-0.00017,0.4,141919.98,2,Lf
D18,60,1000,30,52,1877,3.9,814.6,28.7,1923,4.2,972.4,33.75,1.625,0.0325,17800,-0.0003,0.3,159878.22,2,Lf
H41,100,250,37,80,1698,7.3,696.9,30.18,1764,7.01,802.6,36.8,1.62,0.00622,159800,-0.000394,0.4,146658.96,3,Kh
D42,140,200,30,52,1877,3.9,814.6,28.7,1923,4.2,972.4,33.75,1.625,0.0325,17800,-0.0003,0.3,159878.22,3,Kh
F4,250,600,30,100,1778,7.23,742.6,27.22,1783,7,808.6,36.7,1.75,0.00644,12680,-0.00046,0.36,148238.62,3,Kh
F11,150,1200,30,100,1778,7.23,742.6,27.22,1783,7,808.6,36.7,1.75,0.00644,12680,-0.00046,0.36,148238.62,0,Gd
D68,200,1200,30,52,1877,3.9,814.6,28.7,1923,4.2,972.4,33.75,1.625,0.0325,17800,-0.0003,0.3,159878.22,1,Bl
E16,85,900,50,72,1522,7.93,631.06,24.12,1611,7.6,674.6,26.4,1.72,0.00809,16500,-0.00037,0.38,133938.54,3,Kh
H3,115,800,37,80,1698,7.3,696.9,30.18,1764,7.01,802.6,36.8,1.62,0.00622,159800,-0.000394,0.4,146658.96,0,Gd
A55,175,200,50,70,1679,7.32,995.8,26.2,1707,7.03,775.1,33.3,1.73,0.00732,110630,-0.00017,0.4,141919.98,3,Kh
C33,160,1900,50,75,840,2.57,1336.8,165.66,866,2.44,1141.82,60.12,0.85,0.00106,135000,0.0000671,0.35,71999.24,1,Balling
A76,400,600,75,55,1679,7.32,995.8,26.2,1707,7.03,775.1,33.3,1.73,0.00732,110630,-0.00017,0.4,141919.98,3,Kh
C44,195,1200,50,75,840,2.57,1336.8,165.66,866,2.44,1141.82,60.12,0.85,0.00106,135000,0.0000671,0.35,71999.24,0,Good
D20,60,1400,30,52,1877,3.9,814.6,28.7,1923,4.2,972.4,33.75,1.625,0.0325,17800,-0.0003,0.3,159878.22,1,Bl
E18,85,1900,50,72,1522,7.93,631.06,24.12,1611,7.6,674.6,26.4,1.72,0.00809,16500,-0.00037,0.38,133938.54,3,Kh
D5,20,1000,30,52,1877,3.9,814.6,28.7,1923,4.2,972.4,33.75,1.625,0.0325,17800,-0.0003,0.3,159878.22,2,Lf
D94,200,300,20,87,1877,3.9,814.6,28.7,1923,4.2,972.4,33.75,1.625,0.0325,17800,-0.0003,0.3,159878.22,3,Kh
A23,75,900,50,70,1679,7.32,995.8,26.2,1707,7.03,775.1,33.3,1.73,0.00732,110630,-0.00017,0.4,141919.98,2,Lf
A46,200,1000,50,70,1679,7.32,995.8,26.2,1707,7.03,775.1,33.3,1.73,0.00732,110630,-0.00017,0.4,141919.98,2,Lf
A39,150,1000,50,70,1679,7.32,995.8,26.2,1707,7.03,775.1,33.3,1.73,0.00732,110630,-0.00017,0.4,141919.98,2,Lf
E2,40,900,50,72,1522,7.93,631.06,24.12,1611,7.6,674.6,26.4,1.72,0.00809,16500,-0.00037,0.38,133938.54,1,Bl
D77,180,300,50,92,1877,3.9,814.6,28.7,1923,4.2,972.4,33.75,1.625,0.0325,17800,-0.0003,0.3,159878.22,0,Gd
H4,750,600,37,80,1698,7.3,696.9,30.18,1764,7.01,802.6,36.8,1.62,0.00622,159800,-0.000394,0.4,146658.96,0,Gd
D66,200,800,30,52,1877,3.9,814.6,28.7,1923,4.2,972.4,33.75,1.625,0.0325,17800,-0.0003,0.3,159878.22,1,Bl
H44,165,800,37,80,1698,7.3,696.9,30.18,1764,7.01,802.6,36.8,1.62,0.00622,159800,-0.000394,0.4,146658.96,3,Kh
A62,400,1000,75,55,1679,7.32,995.8,26.2,1707,7.03,775.1,33.3,1.73,0.00732,110630,-0.00017,0.4,141919.98,1,Bl
D30,100,600,30,52,1877,3.9,814.6,28.7,1923,4.2,972.4,33.75,1.625,0.0325,17800,-0.0003,0.3,159878.22,2,Lf
C13,60,800,50,75,840,2.57,1336.8,165.66,866,2.44,1141.82,60.12,0.85,0.00106,135000,0.0000671,0.35,71999.24,1,Balling
E10,75,1400,50,72,1522,7.93,631.06,24.12,1611,7.6,674.6,26.4,1.72,0.00809,16500,-0.00037,0.38,133938.54,0,Gd
F12,200,1200,30,100,1778,7.23,742.6,27.22,1783,7,808.6,36.7,1.75,0.00644,12680,-0.00046,0.36,148238.62,1,Bl
D58,180,600,30,52,1877,3.9,814.6,28.7,1923,4.2,972.4,33.75,1.625,0.0325,17800,-0.0003,0.3,159878.22,1,Bl
A52,150,100,50,70,1679,7.32,995.8,26.2,1707,7.03,775.1,33.3,1.73,0.00732,110630,-0.00017,0.4,141919.98,3,Kh
D24,80,800,30,52,1877,3.9,814.6,28.7,1923,4.2,972.4,33.75,1.625,0.0325,17800,-0.0003,0.3,159878.22,2,Lf
H24,105,900,37,80,1698,7.3,696.9,30.18,1764,7.01,802.6,36.8,1.62,0.00622,159800,-0.000394,0.4,146658.96,2,Lf
F14,300,1200,30,100,1778,7.23,742.6,27.22,1783,7,808.6,36.7,1.75,0.00644,12680,-0.00046,0.36,148238.62,1,Bl
D71,60,200,50,92,1877,3.9,814.6,28.7,1923,4.2,972.4,33.75,1.625,0.0325,17800,-0.0003,0.3,159878.22,0,Gd
A37,150,800,50,70,1679,7.32,995.8,26.2,1707,7.03,775.1,33.3,1.73,0.00732,110630,-0.00017,0.4,141919.98,2,Lf
C54,140,600,30,50,840,2.57,1336.8,165.66,866,2.44,1141.82,60.12,0.85,0.00106,135000,0.0000671,0.35,71999.24,2,Lack of Fusion
D76,180,200,50,92,1877,3.9,814.6,28.7,1923,4.2,972.4,33.75,1.625,0.0325,17800,-0.0003,0.3,159878.22,0,Gd
H42,130,400,37,80,1698,7.3,696.9,30.18,1764,7.01,802.6,36.8,1.62,0.00622,159800,-0.000394,0.4,146658.96,3,Kh
A15,175,900,50,70,1679,7.32,995.8,26.2,1707,7.03,775.1,33.3,1.73,0.00732,110630,-0.00017,0.4,141919.98,0,Gd
A11,100,1000,50,70,1679,7.32,995.8,26.2,1707,7.03,775.1,33.3,1.73,0.00732,110630,-0.00017,0.4,141919.98,0,Gd
C45,195,1900,50,75,840,2.57,1336.8,165.66,866,2.44,1141.82,60.12,0.85,0.00106,135000,0.0000671,0.35,71999.24,1,Balling
C11,60,50,50,75,840,2.57,1336.8,165.66,866,2.44,1141.82,60.12,0.85,0.00106,135000,0.0000671,0.35,71999.24,0,Good
C29,160,50,50,75,840,2.57,1336.8,165.66,866,2.44,1141.82,60.12,0.85,0.00106,135000,0.0000671,0.35,71999.24,0,Good
D35,120,200,30,52,1877,3.9,814.6,28.7,1923,4.2,972.4,33.75,1.625,0.0325,17800,-0.0003,0.3,159878.22,3,Kh
G8,80,600,40,100,1555,7.27,699.2,28.7,1586,6.9,740.8,20.17,1.53,0.0076,142500,-0.000147,0.3,131860.04,0,Gd
E24,95,2400,50,72,1522,7.93,631.06,24.12,1611,7.6,674.6,26.4,1.72,0.00809,16500,-0.00037,0.38,133938.54,3,Kh
C12,60,300,50,75,840,2.57,1336.8,165.66,866,2.44,1141.82,60.12,0.85,0.00106,135000,0.0000671,0.35,71999.24,1,Balling
F26,150,2000,30,100,1778,7.23,742.6,27.22,1783,7,808.6,36.7,1.75,0.00644,12680,-0.00046,0.36,148238.62,2,Lf
F21,150,1600,30,100,1778,7.23,742.6,27.22,1783,7,808.6,36.7,1.75,0.00644,12680,-0.00046,0.36,148238.62,1,Bl
D38,120,800,30,52,1877,3.9,814.6,28.7,1923,4.2,972.4,33.75,1.625,0.0325,17800,-0.0003,0.3,159878.22,1,Bl
E3,40,1400,50,72,1522,7.93,631.06,24.12,1611,7.6,674.6,26.4,1.72,0.00809,16500,-0.00037,0.38,133938.54,1,Bl
D33,100,1200,30,52,1877,3.9,814.6,28.7,1923,4.2,972.4,33.75,1.625,0.0325,17800,-0.0003,0.3,159878.22,1,Bl
A47,175,700,50,70,1679,7.32,995.8,26.2,1707,7.03,775.1,33.3,1.73,0.00732,110630,-0.00017,0.4,141919.98,2,Lf
F23,250,1600,30,100,1778,7.23,742.6,27.22,1783,7,808.6,36.7,1.75,0.00644,12680,-0.00046,0.36,148238.62,1,Bl
A72,300,600,75,55,1679,7.32,995.8,26.2,1707,7.03,775.1,33.3,1.73,0.00732,110630,-0.00017,0.4,141919.98,3,Kh
D85,220,200,50,92,1877,3.9,814.6,28.7,1923,4.2,972.4,33.75,1.625,0.0325,17800,-0.0003,0.3,159878.22,0,Gd
H2,82,250,37,80,1698,7.3,696.9,30.18,1764,7.01,802.6,36.8,1.62,0.00622,159800,-0.000394,0.4,146658.96,0,Gd
A58,100,300,75,55,1679,7.32,995.8,26.2,1707,7.03,775.1,33.3,1.73,0.00732,110630,-0.00017,0.4,141919.98,0,Gd
A43,200,600,50,70,1679,7.32,995.8,26.2,1707,7.03,775.1,33.3,1.73,0.00732,110630,-0.00017,0.4,141919.98,2,Lf
H40,100,150,37,80,1698,7.3,696.9,30.18,1764,7.01,802.6,36.8,1.62,0.00622,159800,-0.000394,0.4,146658.96,3,Kh
A22,75,800,50,70,1679,7.32,995.8,26.2,1707,7.03,775.1,33.3,1.73,0.00732,110630,-0.00017,0.4,141919.98,2,Lf
C57,140,1400,30,50,840,2.57,1336.8,165.66,866,2.44,1141.82,60.12,0.85,0.00106,135000,0.0000671,0.35,71999.24,2,Lack of Fusion
F8,300,800,30,100,1778,7.23,742.6,27.22,1783,7,808.6,36.7,1.75,0.00644,12680,-0.00046,0.36,148238.62,3,Kh
C24,130,300,50,75,840,2.57,1336.8,165.66,866,2.44,1141.82,60.12,0.85,0.00106,135000,0.0000671,0.35,71999.24,0,Good
A38,150,900,50,70,1679,7.32,995.8,26.2,1707,7.03,775.1,33.3,1.73,0.00732,110630,-0.00017,0.4,141919.98,2,Lf
H37,80,150,37,80,1698,7.3,696.9,30.18,1764,7.01,802.6,36.8,1.62,0.00622,159800,-0.000394,0.4,146658.96,3,Kh
G12,130,900,40,100,1555,7.27,699.2,28.7,1586,6.9,740.8,20.17,1.53,0.0076,142500,-0.000147,0.3,131860.04,3,Kh
D97,115,580,30,100,1877,3.9,814.6,28.7,1923,4.2,972.4,33.75,1.625,0.0325,17800,-0.0003,0.3,159878.22,3,Kh
C43,195,800,50,75,840,2.57,1336.8,165.66,866,2.44,1141.82,60.12,0.85,0.00106,135000,0.0000671,0.35,71999.24,0,Good
D73,100,200,50,92,1877,3.9,814.6,28.7,1923,4.2,972.4,33.75,1.625,0.0325,17800,-0.0003,0.3,159878.22,0,Gd
A73,300,700,75,55,1679,7.32,995.8,26.2,1707,7.03,775.1,33.3,1.73,0.00732,110630,-0.00017,0.4,141919.98,3,Kh
D70,40,200,50,92,1877,3.9,814.6,28.7,1923,4.2,972.4,33.75,1.625,0.0325,17800,-0.0003,0.3,159878.22,0,Gd
D63,200,200,30,52,1877,3.9,814.6,28.7,1923,4.2,972.4,33.75,1.625,0.0325,17800,-0.0003,0.3,159878.22,1,Bl
A19,75,500,50,70,1679,7.32,995.8,26.2,1707,7.03,775.1,33.3,1.73,0.00732,110630,-0.00017,0.4,141919.98,2,Lf
A75,400,400,75,55,1679,7.32,995.8,26.2,1707,7.03,775.1,33.3,1.73,0.00732,110630,-0.00017,0.4,141919.98,3,Kh
A25,100,400,50,70,1679,7.32,995.8,26.2,1707,7.03,775.1,33.3,1.73,0.00732,110630,-0.00017,0.4,141919.98,2,Lf
D91,200,900,20,87,1877,3.9,814.6,28.7,1923,4.2,972.4,33.75,1.625,0.0325,17800,-0.0003,0.3,159878.22,0,Gd
A51,150,300,50,70,1679,7.32,995.8,26.2,1707,7.03,775.1,33.3,1.73,0.00732,110630,-0.00017,0.4,141919.98,3,Kh
C32,160,1200,50,75,840,2.57,1336.8,165.66,866,2.44,1141.82,60.12,0.85,0.00106,135000,0.0000671,0.35,71999.24,0,Good
H35,250,2150,37,80,1698,7.3,696.9,30.18,1764,7.01,802.6,36.8,1.62,0.00622,159800,-0.000394,0.4,146658.96,1,Bl
F24,300,1600,30,100,1778,7.23,742.6,27.22,1783,7,808.6,36.7,1.75,0.00644,12680,-0.00046,0.36,148238.62,1,Bl
C15,60,1900,50,75,840,2.57,1336.8,165.66,866,2.44,1141.82,60.12,0.85,0.00106,135000,0.0000671,0.35,71999.24,2,Lack of Fusion
G18,170,1200,40,100,1555,7.27,699.2,28.7,1586,6.9,740.8,20.17,1.53,0.0076,142500,-0.000147,0.3,131860.04,3,Kh
F15,350,1200,30,100,1778,7.23,742.6,27.22,1783,7,808.6,36.7,1.75,0.00644,12680,-0.00046,0.36,148238.62,3,Kh
F20,125,1600,30,100,1778,7.23,742.6,27.22,1783,7,808.6,36.7,1.75,0.00644,12680,-0.00046,0.36,148238.62,2,Lf
C39,180,1900,50,75,840,2.57,1336.8,165.66,866,2.44,1141.82,60.12,0.85,0.00106,135000,0.0000671,0.35,71999.24,1,Balling
H7,235,980,37,80,1698,7.3,696.9,30.18,1764,7.01,802.6,36.8,1.62,0.00622,159800,-0.000394,0.4,146658.96,0,Gd
C52,275,1100,30,50,840,2.57,1336.8,165.66,866,2.44,1141.82,60.12,0.85,0.00106,135000,0.0000671,0.35,71999.24,2,Lack of Fusion
C31,160,800,50,75,840,2.57,1336.8,165.66,866,2.44,1141.82,60.12,0.85,0.00106,135000,0.0000671,0.35,71999.24,0,Good
H25,110,1400,37,80,1698,7.3,696.9,30.18,1764,7.01,802.6,36.8,1.62,0.00622,159800,-0.000394,0.4,146658.96,2,Lf
F9,150,1000,30,100,1778,7.23,742.6,27.22,1783,7,808.6,36.7,1.75,0.00644,12680,-0.00046,0.36,148238.62,0,Gd
D96,400,400,20,87,1877,3.9,814.6,28.7,1923,4.2,972.4,33.75,1.625,0.0325,17800,-0.0003,0.3,159878.22,3,Kh
A54,175,300,50,70,1679,7.32,995.8,26.2,1707,7.03,775.1,33.3,1.73,0.00732,110630,-0.00017,0.4,141919.98,3,Kh
F25,125,2000,30,100,1778,7.23,742.6,27.22,1783,7,808.6,36.7,1.75,0.00644,12680,-0.00046,0.36,148238.62,2,Lf
E22,95,1400,50,72,1522,7.93,631.06,24.12,1611,7.6,674.6,26.4,1.72,0.00809,16500,-0.00037,0.38,133938.54,3,Kh
H15,65,250,37,80,1698,7.3,696.9,30.18,1764,7.01,802.6,36.8,1.62,0.00622,159800,-0.000394,0.4,146658.96,2,Lf
D40,120,1200,30,52,1877,3.9,814.6,28.7,1923,4.2,972.4,33.75,1.625,0.0325,17800,-0.0003,0.3,159878.22,1,Bl
A64,400,2000,75,55,1679,7.32,995.8,26.2,1707,7.03,775.1,33.3,1.73,0.00732,110630,-0.00017,0.4,141919.98,1,Bl
A12,100,100,50,70,1679,7.32,995.8,26.2,1707,7.03,775.1,33.3,1.73,0.00732,110630,-0.00017,0.4,141919.98,0,Gd
A60,300,1500,75,55,1679,7.32,995.8,26.2,1707,7.03,775.1,33.3,1.73,0.00732,110630,-0.00017,0.4,141919.98,1,Bl
D15,60,200,30,52,1877,3.9,814.6,28.7,1923,4.2,972.4,33.75,1.625,0.0325,17800,-0.0003,0.3,159878.22,0,Gd
F13,250,1200,30,100,1778,7.23,742.6,27.22,1783,7,808.6,36.7,1.75,0.00644,12680,-0.00046,0.36,148238.62,1,Bl
A45,200,900,50,70,1679,7.32,995.8,26.2,1707,7.03,775.1,33.3,1.73,0.00732,110630,-0.00017,0.4,141919.98,2,Lf
H19,73.5,2150,37,80,1698,7.3,696.9,30.18,1764,7.01,802.6,36.8,1.62,0.00622,159800,-0.000394,0.4,146658.96,2,Lf
D26,80,1200,30,52,1877,3.9,814.6,28.7,1923,4.2,972.4,33.75,1.625,0.0325,17800,-0.0003,0.3,159878.22,1,Bl
A63,400,800,75,55,1679,7.32,995.8,26.2,1707,7.03,775.1,33.3,1.73,0.00732,110630,-0.00017,0.4,141919.98,1,Bl
H20,78.5,1800,37,80,1698,7.3,696.9,30.18,1764,7.01,802.6,36.8,1.62,0.00622,159800,-0.000394,0.4,146658.96,2,Lf
G23,220,1700,40,100,1555,7.27,699.2,28.7,1586,6.9,740.8,20.17,1.53,0.0076,142500,-0.000147,0.3,131860.04,1,Bl
A24,75,1000,50,70,1679,7.32,995.8,26.2,1707,7.03,775.1,33.3,1.73,0.00732,110630,-0.00017,0.4,141919.98,2,Lf
D23,80,600,30,52,1877,3.9,814.6,28.7,1923,4.2,972.4,33.75,1.625,0.0325,17800,-0.0003,0.3,159878.22,2,Lf
H29,175,1300,37,80,1698,7.3,696.9,30.18,1764,7.01,802.6,36.8,1.62,0.00622,159800,-0.000394,0.4,146658.96,1,Bl
D101,370,1050,30,100,1877,3.9,814.6,28.7,1923,4.2,972.4,33.75,1.625,0.0325,17800,-0.0003,0.3,159878.22,3,Kh
C55,140,800,30,50,840,2.57,1336.8,165.66,866,2.44,1141.82,60.12,0.85,0.00106,135000,0.0000671,0.35,71999.24,2,Lack of Fusion
D69,200,1400,30,52,1877,3.9,814.6,28.7,1923,4.2,972.4,33.75,1.625,0.0325,17800,-0.0003,0.3,159878.22,1,Bl
C23,130,50,50,75,840,2.57,1336.8,165.66,866,2.44,1141.82,60.12,0.85,0.00106,135000,0.0000671,0.35,71999.24,0,Good
C51,225,600,30,50,840,2.57,1336.8,165.66,866,2.44,1141.82,60.12,0.85,0.00106,135000,0.0000671,0.35,71999.24,2,Lack of Fusion
G25,220,1900,40,100,1555,7.27,699.2,28.7,1586,6.9,740.8,20.17,1.53,0.0076,142500,-0.000147,0.3,131860.04,1,Bl
A65,100,250,75,55,1679,7.32,995.8,26.2,1707,7.03,775.1,33.3,1.73,0.00732,110630,-0.00017,0.4,141919.98,3,Kh
A61,400,1200,75,55,1679,7.32,995.8,26.2,1707,7.03,775.1,33.3,1.73,0.00732,110630,-0.00017,0.4,141919.98,1,Bl
E6,55,400,50,72,1522,7.93,631.06,24.12,1611,7.6,674.6,26.4,1.72,0.00809,16500,-0.00037,0.38,133938.54,0,Gd
E21,95,900,50,72,1522,7.93,631.06,24.12,1611,7.6,674.6,26.4,1.72,0.00809,16500,-0.00037,0.38,133938.54,3,Kh
C59,350,800,30,50,840,2.57,1336.8,165.66,866,2.44,1141.82,60.12,0.85,0.00106,135000,0.0000671,0.35,71999.24,2,Keyhole
E19,85,2400,50,72,1522,7.93,631.06,24.12,1611,7.6,674.6,26.4,1.72,0.00809,16500,-0.00037,0.38,133938.54,3,Kh
E1,35,400,50,72,1522,7.93,631.06,24.12,1611,7.6,674.6,26.4,1.72,0.00809,16500,-0.00037,0.38,133938.54,1,Bl
A69,200,400,75,55,1679,7.32,995.8,26.2,1707,7.03,775.1,33.3,1.73,0.00732,110630,-0.00017,0.4,141919.98,3,Kh
A59,100,500,75,55,1679,7.32,995.8,26.2,1707,7.03,775.1,33.3,1.73,0.00732,110630,-0.00017,0.4,141919.98,2,Lf
G17,170,1100,40,100,1555,7.27,699.2,28.7,1586,6.9,740.8,20.17,1.53,0.0076,142500,-0.000147,0.3,131860.04,3,Kh
H8,50,50,37,80,1698,7.3,696.9,30.18,1764,7.01,802.6,36.8,1.62,0.00622,159800,-0.000394,0.4,146658.96,2,Lf
A32,125,800,50,70,1679,7.32,995.8,26.2,1707,7.03,775.1,33.3,1.73,0.00732,110630,-0.00017,0.4,141919.98,2,Lf
C30,160,300,50,75,840,2.57,1336.8,165.66,866,2.44,1141.82,60.12,0.85,0.00106,135000,0.0000671,0.35,71999.24,0,Good
D95,200,400,20,87,1877,3.9,814.6,28.7,1923,4.2,972.4,33.75,1.625,0.0325,17800,-0.0003,0.3,159878.22,3,Kh
H32,210,1800,37,80,1698,7.3,696.9,30.18,1764,7.01,802.6,36.8,1.62,0.00622,159800,-0.000394,0.4,146658.96,1,Bl
E23,95,1900,50,72,1522,7.93,631.06,24.12,1611,7.6,674.6,26.4,1.72,0.00809,16500,-0.00037,0.38,133938.54,3,Kh
H49,250,500,37,80,1698,7.3,696.9,30.18,1764,7.01,802.6,36.8,1.62,0.00622,159800,-0.000394,0.4,146658.96,3,Kh
H13,52,2400,37,80,1698,7.3,696.9,30.18,1764,7.01,802.6,36.8,1.62,0.00622,159800,-0.000394,0.4,146658.96,2,Lf
C25,130,800,50,75,840,2.57,1336.8,165.66,866,2.44,1141.82,60.12,0.85,0.00106,135000,0.0000671,0.35,71999.24,0,Good
D84,180,2000,50,92,1877,3.9,814.6,28.7,1923,4.2,972.4,33.75,1.625,0.0325,17800,-0.0003,0.3,159878.22,0,Gd
D65,200,600,30,52,1877,3.9,814.6,28.7,1923,4.2,972.4,33.75,1.625,0.0325,17800,-0.0003,0.3,159878.22,1,Bl
D86,100,400,20,87,1877,3.9,814.6,28.7,1923,4.2,972.4,33.75,1.625,0.0325,17800,-0.0003,0.3,159878.22,0,Gd
D34,100,1400,30,52,1877,3.9,814.6,28.7,1923,4.2,972.4,33.75,1.625,0.0325,17800,-0.0003,0.3,159878.22,1,Bl
D22,80,400,30,52,1877,3.9,814.6,28.7,1923,4.2,972.4,33.75,1.625,0.0325,17800,-0.0003,0.3,159878.22,2,Lf
C47,160,800,30,50,840,2.57,1336.8,165.66,866,2.44,1141.82,60.12,0.85,0.00106,135000,0.0000671,0.35,71999.24,1,Balling
F22,200,1600,30,100,1778,7.23,742.6,27.22,1783,7,808.6,36.7,1.75,0.00644,12680,-0.00046,0.36,148238.62,1,Bl
D56,180,200,30,52,1877,3.9,814.6,28.7,1923,4.2,972.4,33.75,1.625,0.0325,17800,-0.0003,0.3,159878.22,3,Kh
C60,140,600,30,50,840,2.57,1336.8,165.66,866,2.44,1141.82,60.12,0.85,0.00106,135000,0.0000671,0.35,71999.24,2,Keyhole
A31,125,700,50,70,1679,7.32,995.8,26.2,1707,7.03,775.1,33.3,1.73,0.00732,110630,-0.00017,0.4,141919.98,2,Lf
E20,95,400,50,72,1522,7.93,631.06,24.12,1611,7.6,674.6,26.4,1.72,0.00809,16500,-0.00037,0.38,133938.54,3,Kh
D6,20,1200,30,52,1877,3.9,814.6,28.7,1923,4.2,972.4,33.75,1.625,0.0325,17800,-0.0003,0.3,159878.22,2,Lf
D41,120,1400,30,52,1877,3.9,814.6,28.7,1923,4.2,972.4,33.75,1.625,0.0325,17800,-0.0003,0.3,159878.22,1,Bl
H26,110,1800,37,80,1698,7.3,696.9,30.18,1764,7.01,802.6,36.8,1.62,0.00622,159800,-0.000394,0.4,146658.96,2,Lf
D37,120,600,30,52,1877,3.9,814.6,28.7,1923,4.2,972.4,33.75,1.625,0.0325,17800,-0.0003,0.3,159878.22,2,Lf
